INSERT INTO  sys_user (user_id, post_id, role_id, dept_id, username, nickname, user_type, email, phone_number, sex, avatar, password, status, login_ip, login_date, is_admin, creator_id, create_time, updater_id, update_time, remark, deleted) VALUES (1, 1, 1, 4, 'admin', 'Admin', 0, 'admin@archsmith.com', '15888888883', 0, '', '$2a$10$o55UFZAtyWnDpRV6dvQe8.c/MjlFacC49ASj2usNXm9BY74SYI/uG', 1, '127.0.0.1', '2023-08-14 23:07:03', 1, null, '2022-05-21 08:30:54', 1, '2023-08-14 23:07:03', '管理员', 0);
INSERT INTO  sys_user (user_id, post_id, role_id, dept_id, username, nickname, user_type, email, phone_number, sex, avatar, password, status, login_ip, login_date, is_admin, creator_id, create_time, updater_id, update_time, remark, deleted) VALUES (2, 2, 2, 5, 'ag1', '普通用户1', 0, 'user1@archsmith.com', '15666666666', 1, '', '$2a$10$7JB720yubVSZvUI0rEqK/.VqGOZTH.ulu33dHOiBE8ByOhJIrdAu2', 1, '127.0.0.1', '2022-05-21 08:30:54', 0, null, '2022-05-21 08:30:54', null, null, '测试员1', 0);
INSERT INTO  sys_user (user_id, post_id, role_id, dept_id, username, nickname, user_type, email, phone_number, sex, avatar, password, status, login_ip, login_date, is_admin, creator_id, create_time, updater_id, update_time, remark, deleted) VALUES (3, 2, 0, 5, 'ag2', '普通用户2', 0, 'user2@archsmith.com', '15666666667', 1, '', '$2a$10$7JB720yubVSZvUI0rEqK/.VqGOZTH.ulu33dHOiBE8ByOhJIrdAu2', 1, '127.0.0.1', '2022-05-21 08:30:54', 0, null, '2022-05-21 08:30:54', null, null, '测试员2', 0);



INSERT INTO  sys_menu (menu_id, menu_name, menu_type, router_name, parent_id, path, is_button, permission, meta_info, status, remark, creator_id, create_time, updater_id, update_time, deleted) VALUES (1, '系统管理', 2, '', 0, '/system', 0, '', '{"title":"系统管理","icon":"ep:management","showParent":true,"rank":1}', 1, '系统管理目录', 0, '2022-05-21 08:30:54', 1, '2023-08-14 23:08:50', 0);
INSERT INTO  sys_menu (menu_id, menu_name, menu_type, router_name, parent_id, path, is_button, permission, meta_info, status, remark, creator_id, create_time, updater_id, update_time, deleted) VALUES (2, '系统监控', 2, '', 0, '/monitor', 0, '', '{"title":"系统监控","icon":"ep:monitor","showParent":true,"rank":3}', 1, '系统监控目录', 0, '2022-05-21 08:30:54', 1, '2023-08-14 23:09:15', 0);
INSERT INTO  sys_menu (menu_id, menu_name, menu_type, router_name, parent_id, path, is_button, permission, meta_info, status, remark, creator_id, create_time, updater_id, update_time, deleted) VALUES (3, '系统工具', 2, '', 0, '/tool', 0, '', '{"title":"系统工具","icon":"ep:tools","showParent":true,"rank":2}', 1, '系统工具目录', 0, '2022-05-21 08:30:54', 1, '2023-08-14 23:09:03', 0);
INSERT INTO  sys_menu (menu_id, menu_name, menu_type, router_name, parent_id, path, is_button, permission, meta_info, status, remark, creator_id, create_time, updater_id, update_time, deleted) VALUES (4, 'ArchSmith官网', 3, 'ArchSmithguanwangIframeRouter', 0, '/ArchSmithguanwangIframeLink', 0, '', '{"title":"ArchSmith官网","icon":"ep:link","showParent":true,"frameSrc":"https://element-plus.org/zh-CN/","rank":8}', 1, 'ArchSmith官网地址', 0, '2022-05-21 08:30:54', 1, '2023-08-14 23:09:40', 0);
INSERT INTO  sys_menu (menu_id, menu_name, menu_type, router_name, parent_id, path, is_button, permission, meta_info, status, remark, creator_id, create_time, updater_id, update_time, deleted) VALUES (5, '用户管理', 1, 'SystemUser', 1, '/system/user/index', 0, 'system:user:list', '{"title":"用户管理","icon":"ep:user-filled","showParent":true}', 1, '用户管理菜单', 0, '2022-05-21 08:30:54', 1, '2023-08-14 23:16:13', 0);
INSERT INTO  sys_menu (menu_id, menu_name, menu_type, router_name, parent_id, path, is_button, permission, meta_info, status, remark, creator_id, create_time, updater_id, update_time, deleted) VALUES (6, '角色管理', 1, 'SystemRole', 1, '/system/role/index', 0, 'system:role:list', '{"title":"角色管理","icon":"ep:user","showParent":true}', 1, '角色管理菜单', 0, '2022-05-21 08:30:54', 1, '2023-08-14 23:16:23', 0);
INSERT INTO  sys_menu (menu_id, menu_name, menu_type, router_name, parent_id, path, is_button, permission, meta_info, status, remark, creator_id, create_time, updater_id, update_time, deleted) VALUES (7, '菜单管理', 1, 'MenuManagement', 1, '/system/menu/index', 0, 'system:menu:list', '{"title":"菜单管理","icon":"ep:menu","showParent":true}', 1, '菜单管理菜单', 0, '2022-05-21 08:30:54', 1, '2023-08-14 23:15:41', 0);
INSERT INTO  sys_menu (menu_id, menu_name, menu_type, router_name, parent_id, path, is_button, permission, meta_info, status, remark, creator_id, create_time, updater_id, update_time, deleted) VALUES (8, '部门管理', 1, 'Department', 1, '/system/dept/index', 0, 'system:dept:list', '{"title":"部门管理","icon":"fa-solid:code-branch","showParent":true}', 1, '部门管理菜单', 0, '2022-05-21 08:30:54', 1, '2023-08-14 23:15:35', 0);
INSERT INTO  sys_menu (menu_id, menu_name, menu_type, router_name, parent_id, path, is_button, permission, meta_info, status, remark, creator_id, create_time, updater_id, update_time, deleted) VALUES (9, '岗位管理', 1, 'Post', 1, '/system/post/index', 0, 'system:post:list', '{"title":"岗位管理","icon":"ep:postcard","showParent":true}', 1, '岗位管理菜单', 0, '2022-05-21 08:30:54', 1, '2023-08-14 23:15:11', 0);
INSERT INTO  sys_menu (menu_id, menu_name, menu_type, router_name, parent_id, path, is_button, permission, meta_info, status, remark, creator_id, create_time, updater_id, update_time, deleted) VALUES (10, '参数设置', 1, 'Config', 1, '/system/config/index', 0, 'system:config:list', '{"title":"参数设置","icon":"ep:setting","showParent":true}', 1, '参数设置菜单', 0, '2022-05-21 08:30:54', 1, '2023-08-14 23:15:03', 0);
INSERT INTO  sys_menu (menu_id, menu_name, menu_type, router_name, parent_id, path, is_button, permission, meta_info, status, remark, creator_id, create_time, updater_id, update_time, deleted) VALUES (11, '通知公告', 1, 'SystemNotice', 1, '/system/notice/index', 0, 'system:notice:list', '{"title":"通知公告","icon":"ep:notification","showParent":true}', 1, '通知公告菜单', 0, '2022-05-21 08:30:54', 1, '2023-08-14 23:14:56', 0);
INSERT INTO  sys_menu (menu_id, menu_name, menu_type, router_name, parent_id, path, is_button, permission, meta_info, status, remark, creator_id, create_time, updater_id, update_time, deleted) VALUES (12, '日志管理', 1, 'LogManagement', 1, '/system/logd', 0, '', '{"title":"日志管理","icon":"ep:document","showParent":true}', 1, '日志管理菜单', 0, '2022-05-21 08:30:54', 1, '2023-08-14 23:14:47', 0);
INSERT INTO  sys_menu (menu_id, menu_name, menu_type, router_name, parent_id, path, is_button, permission, meta_info, status, remark, creator_id, create_time, updater_id, update_time, deleted) VALUES (13, '在线用户', 1, 'OnlineUser', 2, '/system/monitor/onlineUser/index', 0, 'monitor:online:list', '{"title":"在线用户","icon":"fa-solid:users","showParent":true}', 1, '在线用户菜单', 0, '2022-05-21 08:30:54', 1, '2023-08-14 23:13:13', 0);
INSERT INTO  sys_menu (menu_id, menu_name, menu_type, router_name, parent_id, path, is_button, permission, meta_info, status, remark, creator_id, create_time, updater_id, update_time, deleted) VALUES (14, '数据监控', 1, 'DataMonitor', 2, '/system/monitor/druid/index', 0, 'monitor:druid:list', '{"title":"数据监控","icon":"fa:database","showParent":true,"frameSrc":"/druid/login.html","isFrameSrcInternal":true}', 1, '数据监控菜单', 0, '2022-05-21 08:30:54', 1, '2023-08-14 23:13:25', 0);
INSERT INTO  sys_menu (menu_id, menu_name, menu_type, router_name, parent_id, path, is_button, permission, meta_info, status, remark, creator_id, create_time, updater_id, update_time, deleted) VALUES (15, '服务监控', 1, 'ServerInfo', 2, '/monitor/server/index', 0, 'monitor:server:list', '{"title":"服务监控","icon":"fa:server","showParent":true}', 1, '服务监控菜单', 0, '2022-05-21 08:30:54', 1, '2023-08-14 23:13:34', 0);
INSERT INTO  sys_menu (menu_id, menu_name, menu_type, router_name, parent_id, path, is_button, permission, meta_info, status, remark, creator_id, create_time, updater_id, update_time, deleted) VALUES (16, '缓存监控', 1, 'CacheInfo', 2, '/system/monitor/cache/index', 0, 'monitor:cache:list', '{"title":"缓存监控","icon":"ep:reading","showParent":true}', 1, '缓存监控菜单', 0, '2022-05-21 08:30:54', 1, '2023-08-14 23:12:59', 0);
INSERT INTO  sys_menu (menu_id, menu_name, menu_type, router_name, parent_id, path, is_button, permission, meta_info, status, remark, creator_id, create_time, updater_id, update_time, deleted) VALUES (17, '系统接口', 1, 'SystemAPI', 3, '/tool/swagger/index', 0, 'tool:swagger:list', '{"title":"系统接口","icon":"ep:document-remove","showParent":true,"frameSrc":"/swagger-ui/index.html","isFrameSrcInternal":true}', 1, '系统接口菜单', 0, '2022-05-21 08:30:54', 1, '2023-08-14 23:14:01', 0);
INSERT INTO  sys_menu (menu_id, menu_name, menu_type, router_name, parent_id, path, is_button, permission, meta_info, status, remark, creator_id, create_time, updater_id, update_time, deleted) VALUES (18, '操作日志', 1, 'OperationLog', 12, '/system/log/operationLog/index', 0, 'monitor:operlog:list', '{"title":"操作日志"}', 1, '操作日志菜单', 0, '2022-05-21 08:30:54', null, null, 0);
INSERT INTO  sys_menu (menu_id, menu_name, menu_type, router_name, parent_id, path, is_button, permission, meta_info, status, remark, creator_id, create_time, updater_id, update_time, deleted) VALUES (19, '登录日志', 1, 'LoginLog', 12, '/system/log/loginLog/index', 0, 'monitor:logininfor:list', '{"title":"登录日志"}', 1, '登录日志菜单', 0, '2022-05-21 08:30:54', null, null, 0);
INSERT INTO  sys_menu (menu_id, menu_name, menu_type, router_name, parent_id, path, is_button, permission, meta_info, status, remark, creator_id, create_time, updater_id, update_time, deleted) VALUES (20, '用户查询', 0, ' ', 5, '', 1, 'system:user:query', '{"title":"用户查询"}', 1, '', 0, '2022-05-21 08:30:54', null, null, 0);
INSERT INTO  sys_menu (menu_id, menu_name, menu_type, router_name, parent_id, path, is_button, permission, meta_info, status, remark, creator_id, create_time, updater_id, update_time, deleted) VALUES (21, '用户新增', 0, ' ', 5, '', 1, 'system:user:add', '{"title":"用户新增"}', 1, '', 0, '2022-05-21 08:30:54', null, null, 0);
INSERT INTO  sys_menu (menu_id, menu_name, menu_type, router_name, parent_id, path, is_button, permission, meta_info, status, remark, creator_id, create_time, updater_id, update_time, deleted) VALUES (22, '用户修改', 0, ' ', 5, '', 1, 'system:user:edit', '{"title":"用户修改"}', 1, '', 0, '2022-05-21 08:30:54', null, null, 0);
INSERT INTO  sys_menu (menu_id, menu_name, menu_type, router_name, parent_id, path, is_button, permission, meta_info, status, remark, creator_id, create_time, updater_id, update_time, deleted) VALUES (23, '用户删除', 0, ' ', 5, '', 1, 'system:user:remove', '{"title":"用户删除"}', 1, '', 0, '2022-05-21 08:30:54', null, null, 0);
INSERT INTO  sys_menu (menu_id, menu_name, menu_type, router_name, parent_id, path, is_button, permission, meta_info, status, remark, creator_id, create_time, updater_id, update_time, deleted) VALUES (24, '用户导出', 0, ' ', 5, '', 1, 'system:user:export', '{"title":"用户导出"}', 1, '', 0, '2022-05-21 08:30:54', null, null, 0);
INSERT INTO  sys_menu (menu_id, menu_name, menu_type, router_name, parent_id, path, is_button, permission, meta_info, status, remark, creator_id, create_time, updater_id, update_time, deleted) VALUES (25, '用户导入', 0, ' ', 5, '', 1, 'system:user:import', '{"title":"用户导入"}', 1, '', 0, '2022-05-21 08:30:54', null, null, 0);
INSERT INTO  sys_menu (menu_id, menu_name, menu_type, router_name, parent_id, path, is_button, permission, meta_info, status, remark, creator_id, create_time, updater_id, update_time, deleted) VALUES (26, '重置密码', 0, ' ', 5, '', 1, 'system:user:resetPwd', '{"title":"重置密码"}', 1, '', 0, '2022-05-21 08:30:54', null, null, 0);
INSERT INTO  sys_menu (menu_id, menu_name, menu_type, router_name, parent_id, path, is_button, permission, meta_info, status, remark, creator_id, create_time, updater_id, update_time, deleted) VALUES (27, '角色查询', 0, ' ', 6, '', 1, 'system:role:query', '{"title":"角色查询"}', 1, '', 0, '2022-05-21 08:30:54', null, null, 0);
INSERT INTO  sys_menu (menu_id, menu_name, menu_type, router_name, parent_id, path, is_button, permission, meta_info, status, remark, creator_id, create_time, updater_id, update_time, deleted) VALUES (28, '角色新增', 0, ' ', 6, '', 1, 'system:role:add', '{"title":"角色新增"}', 1, '', 0, '2022-05-21 08:30:54', null, null, 0);
INSERT INTO  sys_menu (menu_id, menu_name, menu_type, router_name, parent_id, path, is_button, permission, meta_info, status, remark, creator_id, create_time, updater_id, update_time, deleted) VALUES (29, '角色修改', 0, ' ', 6, '', 1, 'system:role:edit', '{"title":"角色修改"}', 1, '', 0, '2022-05-21 08:30:54', null, null, 0);
INSERT INTO  sys_menu (menu_id, menu_name, menu_type, router_name, parent_id, path, is_button, permission, meta_info, status, remark, creator_id, create_time, updater_id, update_time, deleted) VALUES (30, '角色删除', 0, ' ', 6, '', 1, 'system:role:remove', '{"title":"角色删除"}', 1, '', 0, '2022-05-21 08:30:54', null, null, 0);
INSERT INTO  sys_menu (menu_id, menu_name, menu_type, router_name, parent_id, path, is_button, permission, meta_info, status, remark, creator_id, create_time, updater_id, update_time, deleted) VALUES (31, '角色导出', 0, ' ', 6, '', 1, 'system:role:export', '{"title":"角色导出"}', 1, '', 0, '2022-05-21 08:30:54', null, null, 0);
INSERT INTO  sys_menu (menu_id, menu_name, menu_type, router_name, parent_id, path, is_button, permission, meta_info, status, remark, creator_id, create_time, updater_id, update_time, deleted) VALUES (32, '菜单查询', 0, ' ', 7, '', 1, 'system:menu:query', '{"title":"菜单查询"}', 1, '', 0, '2022-05-21 08:30:54', null, null, 0);
INSERT INTO  sys_menu (menu_id, menu_name, menu_type, router_name, parent_id, path, is_button, permission, meta_info, status, remark, creator_id, create_time, updater_id, update_time, deleted) VALUES (33, '菜单新增', 0, ' ', 7, '', 1, 'system:menu:add', '{"title":"菜单新增"}', 1, '', 0, '2022-05-21 08:30:54', null, null, 0);
INSERT INTO  sys_menu (menu_id, menu_name, menu_type, router_name, parent_id, path, is_button, permission, meta_info, status, remark, creator_id, create_time, updater_id, update_time, deleted) VALUES (34, '菜单修改', 0, ' ', 7, '', 1, 'system:menu:edit', '{"title":"菜单修改"}', 1, '', 0, '2022-05-21 08:30:54', null, null, 0);
INSERT INTO  sys_menu (menu_id, menu_name, menu_type, router_name, parent_id, path, is_button, permission, meta_info, status, remark, creator_id, create_time, updater_id, update_time, deleted) VALUES (35, '菜单删除', 0, ' ', 7, '', 1, 'system:menu:remove', '{"title":"菜单删除"}', 1, '', 0, '2022-05-21 08:30:54', null, null, 0);
INSERT INTO  sys_menu (menu_id, menu_name, menu_type, router_name, parent_id, path, is_button, permission, meta_info, status, remark, creator_id, create_time, updater_id, update_time, deleted) VALUES (36, '部门查询', 0, ' ', 8, '', 1, 'system:dept:query', '{"title":"部门查询"}', 1, '', 0, '2022-05-21 08:30:54', null, null, 0);
INSERT INTO  sys_menu (menu_id, menu_name, menu_type, router_name, parent_id, path, is_button, permission, meta_info, status, remark, creator_id, create_time, updater_id, update_time, deleted) VALUES (37, '部门新增', 0, ' ', 8, '', 1, 'system:dept:add', '{"title":"部门新增"}', 1, '', 0, '2022-05-21 08:30:54', null, null, 0);
INSERT INTO  sys_menu (menu_id, menu_name, menu_type, router_name, parent_id, path, is_button, permission, meta_info, status, remark, creator_id, create_time, updater_id, update_time, deleted) VALUES (38, '部门修改', 0, ' ', 8, '', 1, 'system:dept:edit', '{"title":"部门修改"}', 1, '', 0, '2022-05-21 08:30:54', null, null, 0);
INSERT INTO  sys_menu (menu_id, menu_name, menu_type, router_name, parent_id, path, is_button, permission, meta_info, status, remark, creator_id, create_time, updater_id, update_time, deleted) VALUES (39, '部门删除', 0, ' ', 8, '', 1, 'system:dept:remove', '{"title":"部门删除"}', 1, '', 0, '2022-05-21 08:30:54', null, null, 0);
INSERT INTO  sys_menu (menu_id, menu_name, menu_type, router_name, parent_id, path, is_button, permission, meta_info, status, remark, creator_id, create_time, updater_id, update_time, deleted) VALUES (40, '岗位查询', 0, ' ', 9, '', 1, 'system:post:query', '{"title":"岗位查询"}', 1, '', 0, '2022-05-21 08:30:54', null, null, 0);
INSERT INTO  sys_menu (menu_id, menu_name, menu_type, router_name, parent_id, path, is_button, permission, meta_info, status, remark, creator_id, create_time, updater_id, update_time, deleted) VALUES (41, '岗位新增', 0, ' ', 9, '', 1, 'system:post:add', '{"title":"岗位新增"}', 1, '', 0, '2022-05-21 08:30:54', null, null, 0);
INSERT INTO  sys_menu (menu_id, menu_name, menu_type, router_name, parent_id, path, is_button, permission, meta_info, status, remark, creator_id, create_time, updater_id, update_time, deleted) VALUES (42, '岗位修改', 0, ' ', 9, '', 1, 'system:post:edit', '{"title":"岗位修改"}', 1, '', 0, '2022-05-21 08:30:54', null, null, 0);
INSERT INTO  sys_menu (menu_id, menu_name, menu_type, router_name, parent_id, path, is_button, permission, meta_info, status, remark, creator_id, create_time, updater_id, update_time, deleted) VALUES (43, '岗位删除', 0, ' ', 9, '', 1, 'system:post:remove', '{"title":"岗位删除"}', 1, '', 0, '2022-05-21 08:30:54', null, null, 0);
INSERT INTO  sys_menu (menu_id, menu_name, menu_type, router_name, parent_id, path, is_button, permission, meta_info, status, remark, creator_id, create_time, updater_id, update_time, deleted) VALUES (44, '岗位导出', 0, ' ', 9, '', 1, 'system:post:export', '{"title":"岗位导出"}', 1, '', 0, '2022-05-21 08:30:54', null, null, 0);
INSERT INTO  sys_menu (menu_id, menu_name, menu_type, router_name, parent_id, path, is_button, permission, meta_info, status, remark, creator_id, create_time, updater_id, update_time, deleted) VALUES (45, '参数查询', 0, ' ', 10, '', 1, 'system:config:query', '{"title":"参数查询"}', 1, '', 0, '2022-05-21 08:30:54', null, null, 0);
INSERT INTO  sys_menu (menu_id, menu_name, menu_type, router_name, parent_id, path, is_button, permission, meta_info, status, remark, creator_id, create_time, updater_id, update_time, deleted) VALUES (46, '参数新增', 0, ' ', 10, '', 1, 'system:config:add', '{"title":"参数新增"}', 1, '', 0, '2022-05-21 08:30:54', null, null, 0);
INSERT INTO  sys_menu (menu_id, menu_name, menu_type, router_name, parent_id, path, is_button, permission, meta_info, status, remark, creator_id, create_time, updater_id, update_time, deleted) VALUES (47, '参数修改', 0, ' ', 10, '', 1, 'system:config:edit', '{"title":"参数修改"}', 1, '', 0, '2022-05-21 08:30:54', null, null, 0);
INSERT INTO  sys_menu (menu_id, menu_name, menu_type, router_name, parent_id, path, is_button, permission, meta_info, status, remark, creator_id, create_time, updater_id, update_time, deleted) VALUES (48, '参数删除', 0, ' ', 10, '', 1, 'system:config:remove', '{"title":"参数删除"}', 1, '', 0, '2022-05-21 08:30:54', null, null, 0);
INSERT INTO  sys_menu (menu_id, menu_name, menu_type, router_name, parent_id, path, is_button, permission, meta_info, status, remark, creator_id, create_time, updater_id, update_time, deleted) VALUES (49, '参数导出', 0, ' ', 10, '', 1, 'system:config:export', '{"title":"参数导出"}', 1, '', 0, '2022-05-21 08:30:54', null, null, 0);
INSERT INTO  sys_menu (menu_id, menu_name, menu_type, router_name, parent_id, path, is_button, permission, meta_info, status, remark, creator_id, create_time, updater_id, update_time, deleted) VALUES (50, '公告查询', 0, ' ', 11, '', 1, 'system:notice:query', '{"title":"公告查询"}', 1, '', 0, '2022-05-21 08:30:54', null, null, 0);
INSERT INTO  sys_menu (menu_id, menu_name, menu_type, router_name, parent_id, path, is_button, permission, meta_info, status, remark, creator_id, create_time, updater_id, update_time, deleted) VALUES (51, '公告新增', 0, ' ', 11, '', 1, 'system:notice:add', '{"title":"公告新增"}', 1, '', 0, '2022-05-21 08:30:54', null, null, 0);
INSERT INTO  sys_menu (menu_id, menu_name, menu_type, router_name, parent_id, path, is_button, permission, meta_info, status, remark, creator_id, create_time, updater_id, update_time, deleted) VALUES (52, '公告修改', 0, ' ', 11, '', 1, 'system:notice:edit', '{"title":"公告修改"}', 1, '', 0, '2022-05-21 08:30:54', null, null, 0);
INSERT INTO  sys_menu (menu_id, menu_name, menu_type, router_name, parent_id, path, is_button, permission, meta_info, status, remark, creator_id, create_time, updater_id, update_time, deleted) VALUES (53, '公告删除', 0, ' ', 11, '', 1, 'system:notice:remove', '{"title":"公告删除"}', 1, '', 0, '2022-05-21 08:30:54', null, null, 0);
INSERT INTO  sys_menu (menu_id, menu_name, menu_type, router_name, parent_id, path, is_button, permission, meta_info, status, remark, creator_id, create_time, updater_id, update_time, deleted) VALUES (54, '操作查询', 0, ' ', 18, '', 1, 'monitor:operlog:query', '{"title":"操作查询"}', 1, '', 0, '2022-05-21 08:30:54', null, null, 0);
INSERT INTO  sys_menu (menu_id, menu_name, menu_type, router_name, parent_id, path, is_button, permission, meta_info, status, remark, creator_id, create_time, updater_id, update_time, deleted) VALUES (55, '操作删除', 0, ' ', 18, '', 1, 'monitor:operlog:remove', '{"title":"操作删除"}', 1, '', 0, '2022-05-21 08:30:54', null, null, 0);
INSERT INTO  sys_menu (menu_id, menu_name, menu_type, router_name, parent_id, path, is_button, permission, meta_info, status, remark, creator_id, create_time, updater_id, update_time, deleted) VALUES (56, '日志导出', 0, ' ', 18, '', 1, 'monitor:operlog:export', '{"title":"日志导出"}', 1, '', 0, '2022-05-21 08:30:54', null, null, 0);
INSERT INTO  sys_menu (menu_id, menu_name, menu_type, router_name, parent_id, path, is_button, permission, meta_info, status, remark, creator_id, create_time, updater_id, update_time, deleted) VALUES (57, '登录查询', 0, ' ', 19, '', 1, 'monitor:logininfor:query', '{"title":"登录查询"}', 1, '', 0, '2022-05-21 08:30:54', null, null, 0);
INSERT INTO  sys_menu (menu_id, menu_name, menu_type, router_name, parent_id, path, is_button, permission, meta_info, status, remark, creator_id, create_time, updater_id, update_time, deleted) VALUES (58, '登录删除', 0, ' ', 19, '', 1, 'monitor:logininfor:remove', '{"title":"登录删除"}', 1, '', 0, '2022-05-21 08:30:54', null, null, 0);
INSERT INTO  sys_menu (menu_id, menu_name, menu_type, router_name, parent_id, path, is_button, permission, meta_info, status, remark, creator_id, create_time, updater_id, update_time, deleted) VALUES (59, '日志导出', 0, ' ', 19, '', 1, 'monitor:logininfor:export', '{"title":"日志导出","rank":22}', 1, '', 0, '2022-05-21 08:30:54', 1, '2023-07-22 17:02:28', 0);
INSERT INTO  sys_menu (menu_id, menu_name, menu_type, router_name, parent_id, path, is_button, permission, meta_info, status, remark, creator_id, create_time, updater_id, update_time, deleted) VALUES (60, '在线查询', 0, ' ', 13, '', 1, 'monitor:online:query', '{"title":"在线查询"}', 1, '', 0, '2022-05-21 08:30:54', null, null, 0);
INSERT INTO  sys_menu (menu_id, menu_name, menu_type, router_name, parent_id, path, is_button, permission, meta_info, status, remark, creator_id, create_time, updater_id, update_time, deleted) VALUES (61, '批量强退', 0, ' ', 13, '', 1, 'monitor:online:batchLogout', '{"title":"批量强退"}', 1, '', 0, '2022-05-21 08:30:54', null, null, 0);
INSERT INTO  sys_menu (menu_id, menu_name, menu_type, router_name, parent_id, path, is_button, permission, meta_info, status, remark, creator_id, create_time, updater_id, update_time, deleted) VALUES (62, '单条强退', 0, ' ', 13, '', 1, 'monitor:online:forceLogout', '{"title":"单条强退"}', 1, '', 0, '2022-05-21 08:30:54', null, null, 0);
INSERT INTO  sys_menu (menu_id, menu_name, menu_type, router_name, parent_id, path, is_button, permission, meta_info, status, remark, creator_id, create_time, updater_id, update_time, deleted) VALUES (63, 'ArchSmith Github地址', 4, 'https://github.com/sofn/ArchSmith', 0, '/external', 0, '', '{"title":"ArchSmith Github地址","icon":"fa-solid:external-link-alt","showParent":true,"rank":9}', 1, 'ArchSmith github地址', 0, '2022-05-21 08:30:54', 1, '2023-08-14 23:12:13', 0);
INSERT INTO  sys_menu (menu_id, menu_name, menu_type, router_name, parent_id, path, is_button, permission, meta_info, status, remark, creator_id, create_time, updater_id, update_time, deleted) VALUES (64, '首页', 2, '', 0, '/global', 0, '121212', '{"title":"首页","showParent":true,"rank":3}', 1, '', 1, '2023-07-24 22:36:03', 1, '2023-07-24 22:38:37', 1);
INSERT INTO  sys_menu (menu_id, menu_name, menu_type, router_name, parent_id, path, is_button, permission, meta_info, status, remark, creator_id, create_time, updater_id, update_time, deleted) VALUES (65, '个人中心', 1, 'PersonalCenter', 2053, '/system/user/profile', 0, '434sdf', '{"title":"个人中心","showParent":true,"rank":3}', 1, '', 1, '2023-07-24 22:36:55', null, null, 1);




INSERT INTO  sys_role (role_id, role_name, role_key, role_sort, data_scope, dept_id_set, status, creator_id, create_time, updater_id, update_time, remark, deleted) VALUES (1, '超级管理员', 'admin', 1, 1, '', 1, null, '2022-05-21 08:30:54', null, null, '超级管理员', 0);
INSERT INTO  sys_role (role_id, role_name, role_key, role_sort, data_scope, dept_id_set, status, creator_id, create_time, updater_id, update_time, remark, deleted) VALUES (2, '普通角色', 'common', 3, 2, '', 1, null, '2022-05-21 08:30:54', null, null, '普通角色', 0);
INSERT INTO  sys_role (role_id, role_name, role_key, role_sort, data_scope, dept_id_set, status, creator_id, create_time, updater_id, update_time, remark, deleted) VALUES (3, '闲置角色', 'unused', 4, 2, '', 0, null, '2022-05-21 08:30:54', null, null, '未使用的角色', 0);


INSERT INTO  sys_role_menu (role_id, menu_id) VALUES (2, 1);
INSERT INTO  sys_role_menu (role_id, menu_id) VALUES (2, 2);
INSERT INTO  sys_role_menu (role_id, menu_id) VALUES (2, 3);
INSERT INTO  sys_role_menu (role_id, menu_id) VALUES (2, 4);
INSERT INTO  sys_role_menu (role_id, menu_id) VALUES (2, 5);
INSERT INTO  sys_role_menu (role_id, menu_id) VALUES (2, 6);
INSERT INTO  sys_role_menu (role_id, menu_id) VALUES (2, 7);
INSERT INTO  sys_role_menu (role_id, menu_id) VALUES (2, 8);
INSERT INTO  sys_role_menu (role_id, menu_id) VALUES (2, 9);
INSERT INTO  sys_role_menu (role_id, menu_id) VALUES (2, 10);
INSERT INTO  sys_role_menu (role_id, menu_id) VALUES (2, 11);
INSERT INTO  sys_role_menu (role_id, menu_id) VALUES (2, 12);
INSERT INTO  sys_role_menu (role_id, menu_id) VALUES (2, 13);
INSERT INTO  sys_role_menu (role_id, menu_id) VALUES (2, 14);
INSERT INTO  sys_role_menu (role_id, menu_id) VALUES (2, 15);
INSERT INTO  sys_role_menu (role_id, menu_id) VALUES (2, 16);
INSERT INTO  sys_role_menu (role_id, menu_id) VALUES (2, 17);
INSERT INTO  sys_role_menu (role_id, menu_id) VALUES (2, 18);
INSERT INTO  sys_role_menu (role_id, menu_id) VALUES (2, 19);
INSERT INTO  sys_role_menu (role_id, menu_id) VALUES (2, 20);
INSERT INTO  sys_role_menu (role_id, menu_id) VALUES (2, 21);
INSERT INTO  sys_role_menu (role_id, menu_id) VALUES (2, 22);
INSERT INTO  sys_role_menu (role_id, menu_id) VALUES (2, 23);
INSERT INTO  sys_role_menu (role_id, menu_id) VALUES (2, 24);
INSERT INTO  sys_role_menu (role_id, menu_id) VALUES (2, 25);
INSERT INTO  sys_role_menu (role_id, menu_id) VALUES (2, 26);
INSERT INTO  sys_role_menu (role_id, menu_id) VALUES (2, 27);
INSERT INTO  sys_role_menu (role_id, menu_id) VALUES (2, 28);
INSERT INTO  sys_role_menu (role_id, menu_id) VALUES (2, 29);
INSERT INTO  sys_role_menu (role_id, menu_id) VALUES (2, 30);
INSERT INTO  sys_role_menu (role_id, menu_id) VALUES (2, 31);
INSERT INTO  sys_role_menu (role_id, menu_id) VALUES (2, 32);
INSERT INTO  sys_role_menu (role_id, menu_id) VALUES (2, 33);
INSERT INTO  sys_role_menu (role_id, menu_id) VALUES (2, 34);
INSERT INTO  sys_role_menu (role_id, menu_id) VALUES (2, 35);
INSERT INTO  sys_role_menu (role_id, menu_id) VALUES (2, 36);
INSERT INTO  sys_role_menu (role_id, menu_id) VALUES (2, 37);
INSERT INTO  sys_role_menu (role_id, menu_id) VALUES (2, 38);
INSERT INTO  sys_role_menu (role_id, menu_id) VALUES (2, 39);
INSERT INTO  sys_role_menu (role_id, menu_id) VALUES (2, 40);
INSERT INTO  sys_role_menu (role_id, menu_id) VALUES (2, 41);
INSERT INTO  sys_role_menu (role_id, menu_id) VALUES (2, 42);
INSERT INTO  sys_role_menu (role_id, menu_id) VALUES (2, 43);
INSERT INTO  sys_role_menu (role_id, menu_id) VALUES (2, 44);
INSERT INTO  sys_role_menu (role_id, menu_id) VALUES (2, 45);
INSERT INTO  sys_role_menu (role_id, menu_id) VALUES (2, 46);
INSERT INTO  sys_role_menu (role_id, menu_id) VALUES (2, 47);
INSERT INTO  sys_role_menu (role_id, menu_id) VALUES (2, 48);
INSERT INTO  sys_role_menu (role_id, menu_id) VALUES (2, 49);
INSERT INTO  sys_role_menu (role_id, menu_id) VALUES (2, 50);
INSERT INTO  sys_role_menu (role_id, menu_id) VALUES (2, 51);
INSERT INTO  sys_role_menu (role_id, menu_id) VALUES (2, 52);
INSERT INTO  sys_role_menu (role_id, menu_id) VALUES (2, 53);
INSERT INTO  sys_role_menu (role_id, menu_id) VALUES (2, 54);
INSERT INTO  sys_role_menu (role_id, menu_id) VALUES (2, 55);
INSERT INTO  sys_role_menu (role_id, menu_id) VALUES (2, 56);
INSERT INTO  sys_role_menu (role_id, menu_id) VALUES (2, 57);
INSERT INTO  sys_role_menu (role_id, menu_id) VALUES (2, 58);
INSERT INTO  sys_role_menu (role_id, menu_id) VALUES (2, 59);
INSERT INTO  sys_role_menu (role_id, menu_id) VALUES (2, 60);
INSERT INTO  sys_role_menu (role_id, menu_id) VALUES (2, 61);
INSERT INTO  sys_role_menu (role_id, menu_id) VALUES (3, 1);
INSERT INTO  sys_role_menu (role_id, menu_id) VALUES (111, 1);
